NAME,tau,equiv_pldn,conc_dfnb,temperature,strategy
TYPE,DATA,DATA,DATA,DATA,METADATA
0,1.421730760589131,3.3442533688797345,0.3542357200060927,108.94028253629496,Single-objective BayOpt
1,1.377359377775964,2.5854501015422984,0.4356596377685097,96.0158711028233,Single-objective BayOpt
