NAME,tau,equiv_pldn,conc_dfnb,temperature,sty,e_factor,computation_t,experiment_t,strategy
TYPE,DATA,DATA,DATA,DATA,DATA,DATA,METADATA,METADATA,METADATA
0,1.421730760589131,3.3442533688797345,0.3542357200060927,108.94028253629496,1147.4340353578584,32.766178065387884,0.0,0.0036928653717041016,Single-objective BayOpt
1,1.377359377775964,2.5854501015422984,0.4356596377685097,96.0158711028233,2282.631830776642,16.67404020928741,0.0,0.0029900074005126953,Single-objective BayOpt
